"id_no";"binomial";"presence";"origin";"seasonal";"compiler";"yrcompiled";"citation";"source";"dist_comm";"island";"subspecies";"subpop";"legend";"tax_comm";"kingdom";"phylum";"class";"order_";"family";"genus";"category";"marine";"terrestial";"freshwater";"SHAPE_Leng";"SHAPE_Area"
172758;"Furcifer rhinoceratus";1;1;1;"Madagasikara Voakajy";2012;"Madagasikara Voakajy";NA;NA;NA;NA;NA;"Extant (resident)";NA;"ANIMALIA";"CHORDATA";"REPTILIA";"SQUAMATA";"CHAMAELEONIDAE";"Furcifer";"VU";"False";"True";"False";13.1759856663;1.63556535699
172962;"Furcifer angeli";1;1;1;"Madagasikara Voakajy";2012;"Madagasikara Voakajy";NA;NA;NA;NA;NA;"Extant (resident)";NA;"ANIMALIA";"CHORDATA";"REPTILIA";"SQUAMATA";"CHAMAELEONIDAE";"Furcifer";"LC";"False";"True";"False";12.5118312657;2.65510652207
172962;"Furcifer angeli";1;1;1;"Madagasikara Voakajy";2010;"Madagasikara Voakajy";NA;NA;NA;NA;NA;"Extant (resident)";NA;"ANIMALIA";"CHORDATA";"REPTILIA";"SQUAMATA";"CHAMAELEONIDAE";"Furcifer";"LC";"False";"True";"False";12.5118312661;2.65510652228
172524;"Rhampholeon acuminatus";1;1;1;"Krystal Tolley";2014;"IUCN";NA;NA;NA;NA;NA;"Extant (resident)";NA;"ANIMALIA";"CHORDATA";"REPTILIA";"SQUAMATA";"CHAMAELEONIDAE";"Rhampholeon";"CR";"False";"True";"False";0.267045865708;0.00229477385808
172548;"Rieppeleon brachyurus";1;1;1;"Krystal Tolley";2014;"IUCN";NA;NA;NA;NA;NA;"Extant (resident)";NA;"ANIMALIA";"CHORDATA";"REPTILIA";"SQUAMATA";"CHAMAELEONIDAE";"Rieppeleon";"LC";"False";"True";"False";28.6158367239;33.2788221333
172844;"Brookesia ebenaui";1;1;1;"Madagasikara Voakajy";2010;"Madagasikara Voakajy";NA;NA;NA;NA;NA;"Extant (resident)";NA;"ANIMALIA";"CHORDATA";"REPTILIA";"SQUAMATA";"CHAMAELEONIDAE";"Brookesia";"VU";"False";"True";"False";5.50943305352;1.19517536517
172861;"Calumma nasutum";1;1;1;"Madagasikara Voakajy";2012;"Madagasikara Voakajy";NA;NA;NA;NA;NA;"Extant (resident)";NA;"ANIMALIA";"CHORDATA";"REPTILIA";"SQUAMATA";"CHAMAELEONIDAE";"Calumma";"LC";"False";"True";"False";39.4355189581;17.2092639844
176305;"Calumma peyrierasi";1;1;1;"Madagasikara Voakajy";2010;"Madagasikara Voakajy";NA;NA;NA;NA;NA;"Extant (resident)";NA;"ANIMALIA";"CHORDATA";"REPTILIA";"SQUAMATA";"CHAMAELEONIDAE";"Calumma";"VU";"False";"True";"False";1.39581302324;0.0500966767042
172536;"Chamaeleo gracilis";1;1;1;"Krystal Tolley";2014;"IUCN";NA;NA;NA;NA;NA;"Extant (resident)";NA;"ANIMALIA";"CHORDATA";"REPTILIA";"SQUAMATA";"CHAMAELEONIDAE";"Chamaeleo";"LC";"False";"True";"False";162.430316438;916.366362417
193482;"Calumma tarzan";1;1;1;"Madagasikara Voakajy";2010;"Madagasikara Voakajy";NA;NA;NA;NA;NA;"Extant (resident)";NA;"ANIMALIA";"CHORDATA";"REPTILIA";"SQUAMATA";"CHAMAELEONIDAE";"Calumma";"CR";"False";"True";"False";0.476506187328;0.000801798091732
172545;"Kinyongia matschiei";1;1;1;"Krystal Tolley";2014;"IUCN";NA;NA;NA;NA;NA;"Extant (resident)";NA;"ANIMALIA";"CHORDATA";"REPTILIA";"SQUAMATA";"CHAMAELEONIDAE";"Kinyongia";"EN";"False";"True";"False";3.40883376437;0.0233016466868
75976903;"Kinyongia mulyai";1;1;1;"IUCN";2015;"International Union for the Conservation of Nature";NA;NA;NA;NA;NA;"Extant (resident)";NA;"ANIMALIA";"CHORDATA";"REPTILIA";"SQUAMATA";"CHAMAELEONIDAE";"Kinyongia";"CR";"False";"True";"False";0.157183574473;0.000133839533872
172760;"Calumma tsaratananense";1;1;1;"Madagasikara Voakajy";2012;"Madagasikara Voakajy";NA;NA;NA;NA;NA;"Extant (resident)";NA;"ANIMALIA";"CHORDATA";"REPTILIA";"SQUAMATA";"CHAMAELEONIDAE";"Calumma";"VU";"False";"True";"False";2.45195581645;0.114057946579
172760;"Calumma tsaratananense";1;1;1;"Madagasikara Voakajy";2010;"Madagasikara Voakajy";NA;NA;NA;NA;NA;"Extant (resident)";NA;"ANIMALIA";"CHORDATA";"REPTILIA";"SQUAMATA";"CHAMAELEONIDAE";"Calumma";"VU";"False";"True";"False";2.45195582468;0.114057946616
42695980;"Furcifer viridis";1;1;1;"Madagasikara Voakajy";2013;"Madagasikara Voakajy";NA;NA;NA;NA;NA;"Extant (resident)";NA;"ANIMALIA";"CHORDATA";"REPTILIA";"SQUAMATA";"CHAMAELEONIDAE";"Furcifer";"LC";"False";"True";"False";53.8332387868;23.1184601977
172886;"Calumma crypticum";1;1;1;"Madagasikara Voakajy";2012;"Madagasikara Voakajy";NA;NA;NA;NA;NA;"Extant (resident)";NA;"ANIMALIA";"CHORDATA";"REPTILIA";"SQUAMATA";"CHAMAELEONIDAE";"Calumma";"LC";"False";"True";"False";28.2780015595;8.78104938806
176317;"Trioceros laterispinis";1;1;1;"Krystal Tolley";2014;"IUCN";NA;NA;NA;NA;NA;"Extant (resident)";NA;"ANIMALIA";"CHORDATA";"REPTILIA";"SQUAMATA";"CHAMAELEONIDAE";"Trioceros";"EN";"False";"True";"False";2.45148928916;0.0436345803065
176294;"Brookesia bekolosy";1;1;1;"IUCN";2012;"International Union for Conservation of Nature (IUCN)";NA;NA;NA;NA;NA;"Extant (resident)";NA;"ANIMALIA";"CHORDATA";"REPTILIA";"SQUAMATA";"CHAMAELEONIDAE";"Brookesia";"EN";"False";"True";"False";0.414353509387;0.00411292199633
172560;"Trioceros narraioca";1;1;1;"Krystal Tolley";2014;"IUCN";NA;NA;NA;NA;NA;"Extant (resident)";NA;"ANIMALIA";"CHORDATA";"REPTILIA";"SQUAMATA";"CHAMAELEONIDAE";"Trioceros";"NT";"False";"True";"False";0.300809392318;0.0019482281567
172955;"Furcifer pardalis";1;5;1;"Philip Bowles";2012;"International Union for Conservation of Nature (IUCN), Conservation International, Madagasikara Voakajy";"Nik Cole";NA;"Reunion";NA;NA;"Extant & Origin Uncertain (resident)";NA;"ANIMALIA";"CHORDATA";"REPTILIA";"SQUAMATA";"CHAMAELEONIDAE";"Furcifer";"LC";"False";"True";"False";1.93711118823;0.22092059471
172955;"Furcifer pardalis";1;5;1;"Philip Bowles";2012;"International Union for Conservation of Nature (IUCN), Conservation International, Madagasikara Voakajy";"Nik Cole";NA;"Mauriti";NA;NA;"Extant & Origin Uncertain (resident)";NA;"ANIMALIA";"CHORDATA";"REPTILIA";"SQUAMATA";"CHAMAELEONIDAE";"Furcifer";"LC";"False";"True";"False";2.08486586776;0.162327549648
203824;"Trioceros hanangensis";1;1;1;"Krystal Tolley";2014;"IUCN";NA;NA;NA;NA;NA;"Extant (resident)";NA;"ANIMALIA";"CHORDATA";"REPTILIA";"SQUAMATA";"CHAMAELEONIDAE";"Trioceros";"NT";"False";"True";"False";0.211211376103;0.00117468182208
172562;"Rhampholeon nchisiensis";1;1;1;"Krystal Tolley";2014;"IUCN";NA;NA;NA;NA;NA;"Extant (resident)";NA;"ANIMALIA";"CHORDATA";"REPTILIA";"SQUAMATA";"CHAMAELEONIDAE";"Rhampholeon";"LC";"False";"True";"False";0.220574354565;0.0014945823979
3083;"Brookesia perarmata";1;1;1;"Madagasikara Voakajy";2012;"Madagasikara Voakajy";NA;NA;NA;NA;NA;"Extant (resident)";NA;"ANIMALIA";"CHORDATA";"REPTILIA";"SQUAMATA";"CHAMAELEONIDAE";"Brookesia";"EN";"False";"True";"False";0.849738145386;0.0343869309928
3083;"Brookesia perarmata";1;1;1;"Madagasikara Voakajy";2010;"Madagasikara Voakajy";NA;NA;NA;NA;NA;"Extant (resident)";NA;"ANIMALIA";"CHORDATA";"REPTILIA";"SQUAMATA";"CHAMAELEONIDAE";"Brookesia";"EN";"False";"True";"False";0.849738146518;0.0343869309915
176304;"Calumma glawi";1;1;1;"Madagasikara Voakajy";2012;"Madagasikara Voakajy";NA;NA;NA;NA;NA;"Extant (resident)";NA;"ANIMALIA";"CHORDATA";"REPTILIA";"SQUAMATA";"CHAMAELEONIDAE";"Calumma";"EN";"False";"True";"False";2.43357825576;0.115722455854
172798;"Calumma furcifer";1;1;1;"Madagasikara Voakajy";2012;"Madagasikara Voakajy";NA;NA;NA;NA;NA;"Extant (resident)";NA;"ANIMALIA";"CHORDATA";"REPTILIA";"SQUAMATA";"CHAMAELEONIDAE";"Calumma";"EN";"False";"True";"False";2.24428903841;0.12140279337
176320;"Furcifer tuzetae";1;1;1;"Madagasikara Voakajy";2012;"Madagasikara Voakajy";NA;NA;NA;NA;NA;"Extant (resident)";NA;"ANIMALIA";"CHORDATA";"REPTILIA";"SQUAMATA";"CHAMAELEONIDAE";"Furcifer";"DD";"False";"True";"False";0.0748942984218;0.000350468110728
172552;"Kinyongia tenuis";1;1;1;"Krystal Tolley";2014;"IUCN";NA;NA;NA;NA;NA;"Extant (resident)";NA;"ANIMALIA";"CHORDATA";"REPTILIA";"SQUAMATA";"CHAMAELEONIDAE";"Kinyongia";"EN";"False";"True";"False";4.1440131107;0.0326094782877
172547;"Trioceros werneri";1;1;1;"Krystal Tolley";2014;"IUCN";NA;NA;NA;NA;NA;"Extant (resident)";NA;"ANIMALIA";"CHORDATA";"REPTILIA";"SQUAMATA";"CHAMAELEONIDAE";"Trioceros";"LC";"False";"True";"False";9.43828428772;0.661712762836
172541;"Trioceros deremensis";1;1;1;"Krystal Tolley";2014;"IUCN";NA;NA;NA;NA;NA;"Extant (resident)";NA;"ANIMALIA";"CHORDATA";"REPTILIA";"SQUAMATA";"CHAMAELEONIDAE";"Trioceros";"LC";"False";"True";"False";5.15456418617;0.113972379618
42696174;"Furcifer lateralis";1;1;1;"Madagasikara Voakajy";2013;"Madagasikara Voakajy";NA;NA;NA;NA;NA;"Extant (resident)";NA;"ANIMALIA";"CHORDATA";"REPTILIA";"SQUAMATA";"CHAMAELEONIDAE";"Furcifer";"LC";"False";"True";"False";20.8298307511;11.2904616553
176308;"Chamaeleo dilepis";1;1;1;"Krystal Tolley";2014;"IUCN";NA;NA;NA;NA;NA;"Extant (resident)";NA;"ANIMALIA";"CHORDATA";"REPTILIA";"SQUAMATA";"CHAMAELEONIDAE";"Chamaeleo";"LC";"False";"True";"False";177.321141871;916.107845238
172951;"Calumma jejy";1;1;1;"Madagasikara Voakajy";2012;"Madagasikara Voakajy";NA;NA;NA;NA;NA;"Extant (resident)";NA;"ANIMALIA";"CHORDATA";"REPTILIA";"SQUAMATA";"CHAMAELEONIDAE";"Calumma";"VU";"False";"True";"False";0.299078321809;0.00164734046827
172951;"Calumma jejy";1;1;1;"Madagasikara Voakajy";2010;"Madagasikara Voakajy";NA;NA;NA;NA;NA;"Extant (resident)";NA;"ANIMALIA";"CHORDATA";"REPTILIA";"SQUAMATA";"CHAMAELEONIDAE";"Calumma";"VU";"False";"True";"False";0.299078323088;0.00164734050163
3009;"Bradypodion nemorale";1;1;1;"South African National Biodiversity Institute";2018;"Southern African Regional Reptile Specialist Group";NA;NA;NA;NA;NA;"Extant (resident)";NA;"ANIMALIA";"CHORDATA";"REPTILIA";"SQUAMATA";"CHAMAELEONIDAE";"Bradypodion";"NT";"False";"True";"False";0.484416872575;0.00361570831833
42760305;"Rhampholeon viridis";1;1;1;"Krystal Tolley";2014;"IUCN";NA;NA;NA;NA;NA;"Extant (resident)";NA;"ANIMALIA";"CHORDATA";"REPTILIA";"SQUAMATA";"CHAMAELEONIDAE";"Rhampholeon";"EN";"False";"True";"False";0.86683540512;0.0122536566373
3017;"Bradypodion thamnobates";1;1;1;"South African National Biodiversity Institute";2018;"Southern African Regional Reptile Specialist Group";NA;NA;NA;NA;NA;"Extant (resident)";NA;"ANIMALIA";"CHORDATA";"REPTILIA";"SQUAMATA";"CHAMAELEONIDAE";"Bradypodion";"EN";"False";"True";"False";2.86741450862;0.306850204768
172752;"Brookesia antakarana";1;1;1;"Madagasikara Voakajy";2012;"Madagasikara Voakajy";NA;NA;NA;NA;NA;"Extant (resident)";NA;"ANIMALIA";"CHORDATA";"REPTILIA";"SQUAMATA";"CHAMAELEONIDAE";"Brookesia";"NT";"False";"True";"False";1.17594651868;0.0320738624776
172752;"Brookesia antakarana";1;1;1;"Madagasikara Voakajy";2010;"Madagasikara Voakajy";NA;NA;NA;NA;NA;"Extant (resident)";NA;"ANIMALIA";"CHORDATA";"REPTILIA";"SQUAMATA";"CHAMAELEONIDAE";"Brookesia";"NT";"False";"True";"False";1.17594652079;0.0320738625621
3023;"Bradypodion taeniabronchum";1;1;1;"South African National Biodiversity Institute";2018;"Southern African Regional Reptile Specialist Group";NA;NA;NA;NA;NA;"Extant (resident)";NA;"ANIMALIA";"CHORDATA";"REPTILIA";"SQUAMATA";"CHAMAELEONIDAE";"Bradypodion";"LC";"False";"True";"False";1.98999805591;0.0507806714034
176322;"Rhampholeon spectrum";1;1;1;"ZSL";2010;"Red List Index (Sampled Approach), Zoological Society London";NA;NA;NA;NA;NA;"Extant (resident)";NA;"ANIMALIA";"CHORDATA";"REPTILIA";"SQUAMATA";"CHAMAELEONIDAE";"Rhampholeon";"LC";"False";"True";"False";60.858448834;130.13550804
172778;"Calumma guibei";1;1;1;"Madagasikara Voakajy";2012;"Madagasikara Voakajy";NA;NA;NA;NA;NA;"Extant (resident)";NA;"ANIMALIA";"CHORDATA";"REPTILIA";"SQUAMATA";"CHAMAELEONIDAE";"Calumma";"NT";"False";"True";"False";2.45195581645;0.114057946579
172570;"Kinyongia oxyrhina";1;1;1;"Krystal Tolley";2014;"IUCN";NA;NA;NA;NA;NA;"Extant (resident)";NA;"ANIMALIA";"CHORDATA";"REPTILIA";"SQUAMATA";"CHAMAELEONIDAE";"Kinyongia";"NT";"False";"True";"False";11.106061372;0.167239428672
203826;"Trioceros kinetensis";1;1;1;"Snake and Lizard RLA";2012;"IUCN";NA;NA;NA;NA;NA;"Extant (resident)";NA;"ANIMALIA";"CHORDATA";"REPTILIA";"SQUAMATA";"CHAMAELEONIDAE";"Trioceros";"DD";"False";"True";"False";0.314710138068;0.00736974526543
176319;"Furcifer cephalolepis";1;1;1;"SRLI";2011;"Red List Index (Sampled Approach), Zoological Society of London";NA;NA;NA;NA;NA;"Extant (resident)";NA;"ANIMALIA";"CHORDATA";"REPTILIA";"SQUAMATA";"CHAMAELEONIDAE";"Furcifer";"LC";"False";"True";"False";1.49829311765;0.0855234948737
172561;"Trioceros sternfeldi";1;1;1;"Krystal Tolley";2014;"IUCN";NA;NA;NA;NA;NA;"Extant (resident)";NA;"ANIMALIA";"CHORDATA";"REPTILIA";"SQUAMATA";"CHAMAELEONIDAE";"Trioceros";"LC";"False";"True";"False";4.7934889278;0.355042544953
42679109;"Bradypodion damaranum";1;1;1;"South African National Biodiversity Institute";2018;"Southern African Regional Reptile Specialist Group";NA;NA;NA;NA;NA;"Extant (resident)";NA;"ANIMALIA";"CHORDATA";"REPTILIA";"SQUAMATA";"CHAMAELEONIDAE";"Bradypodion";"LC";"False";"True";"False";4.90904068238;0.222610005705
172555;"Rhampholeon uluguruensis";1;1;1;"Krystal Tolley";2014;"IUCN";NA;NA;NA;NA;NA;"Extant (resident)";NA;"ANIMALIA";"CHORDATA";"REPTILIA";"SQUAMATA";"CHAMAELEONIDAE";"Rhampholeon";"LC";"False";"True";"False";1.70745545411;0.0226454775426
172549;"Rhampholeon beraduccii";1;1;1;"Krystal Tolley";2014;"IUCN";NA;NA;NA;NA;NA;"Extant (resident)";NA;"ANIMALIA";"CHORDATA";"REPTILIA";"SQUAMATA";"CHAMAELEONIDAE";"Rhampholeon";"VU";"False";"True";"False";0.188966674242;0.00109478618544
172850;"Calumma andringitraense";1;1;1;"Madagasikara Voakajy";2012;"Madagasikara Voakajy";NA;NA;NA;NA;NA;"Extant (resident)";NA;"ANIMALIA";"CHORDATA";"REPTILIA";"SQUAMATA";"CHAMAELEONIDAE";"Calumma";"EN";"False";"True";"False";3.65467812637;0.108181267441
172821;"Calumma marojezense";1;1;1;"Madagasikara Voakajy";2012;"Madagasikara Voakajy";NA;NA;NA;NA;NA;"Extant (resident)";NA;"ANIMALIA";"CHORDATA";"REPTILIA";"SQUAMATA";"CHAMAELEONIDAE";"Calumma";"NT";"False";"True";"False";4.07345736724;0.79941728325
42678970;"Bradypodion atromontanum";1;1;1;"South African National Biodiversity Institute";2018;"Southern African Regional Reptile Specialist Group";NA;NA;NA;NA;NA;"Extant (resident)";NA;"ANIMALIA";"CHORDATA";"REPTILIA";"SQUAMATA";"CHAMAELEONIDAE";"Bradypodion";"LC";"False";"True";"False";4.21886003823;0.136893375227
3012;"Bradypodion setaroi";1;1;1;"South African National Biodiversity Institute";2018;"Southern African Regional Reptile Specialist Group";NA;NA;NA;NA;NA;"Extant (resident)";NA;"ANIMALIA";"CHORDATA";"REPTILIA";"SQUAMATA";"CHAMAELEONIDAE";"Bradypodion";"LC";"False";"True";"False";4.8636310554;0.486304479985
172551;"Bradypodion caeruleogula";1;1;1;"South African National Biodiversity Institute";2018;"Southern African Regional Reptile Specialist Group";NA;NA;NA;NA;NA;"Extant (resident)";NA;"ANIMALIA";"CHORDATA";"REPTILIA";"SQUAMATA";"CHAMAELEONIDAE";"Bradypodion";"EN";"False";"True";"False";0.745557715621;0.00410401668167
176290;"Bradypodion caffer";1;1;1;"South African National Biodiversity Institute";2018;"Southern African Regional Reptile Specialist Group";NA;NA;NA;NA;NA;"Extant (resident)";NA;"ANIMALIA";"CHORDATA";"REPTILIA";"SQUAMATA";"CHAMAELEONIDAE";"Bradypodion";"EN";"False";"True";"False";1.14876999431;0.00849713171361
176292;"Bradypodion transvaalense";1;1;1;"South African National Biodiversity Institute";2018;"Southern African Regional Reptile Specialist Group";NA;NA;NA;NA;NA;"Extant (resident)";NA;"ANIMALIA";"CHORDATA";"REPTILIA";"SQUAMATA";"CHAMAELEONIDAE";"Bradypodion";"LC";"False";"True";"False";10.8635552048;2.56261751431
176293;"Bradypodion ventrale";1;1;1;"South African National Biodiversity Institute";2018;"Southern African Regional Reptile Specialist Group";NA;NA;NA;NA;NA;"Extant (resident)";NA;"ANIMALIA";"CHORDATA";"REPTILIA";"SQUAMATA";"CHAMAELEONIDAE";"Bradypodion";"LC";"False";"True";"False";20.7316536458;18.7758245289
172537;"Kinyongia uluguruensis";1;1;1;"Krystal Tolley";2014;"IUCN";NA;NA;NA;NA;NA;"Extant (resident)";NA;"ANIMALIA";"CHORDATA";"REPTILIA";"SQUAMATA";"CHAMAELEONIDAE";"Kinyongia";"LC";"False";"True";"False";1.64217944149;0.0235021445122
42683297;"Bradypodion ngomeense";1;1;1;"South African National Biodiversity Institute";2018;"Southern African Regional Reptile Specialist Group";NA;NA;NA;NA;NA;"Extant (resident)";NA;"ANIMALIA";"CHORDATA";"REPTILIA";"SQUAMATA";"CHAMAELEONIDAE";"Bradypodion";"NT";"False";"True";"False";0.396782730759;0.00240295367678
42681112;"Bradypodion melanocephalum";1;1;1;"South African National Biodiversity Institute";2018;"Southern African Regional Reptile Specialist Group";NA;NA;NA;NA;NA;"Extant (resident)";NA;"ANIMALIA";"CHORDATA";"REPTILIA";"SQUAMATA";"CHAMAELEONIDAE";"Bradypodion";"NT";"False";"True";"False";8.43921174976;0.839277802956
42679297;"Bradypodion gutturale";1;1;1;"South African National Biodiversity Institute";2018;"Southern African Regional Reptile Specialist Group";NA;NA;NA;NA;NA;"Extant (resident)";NA;"ANIMALIA";"CHORDATA";"REPTILIA";"SQUAMATA";"CHAMAELEONIDAE";"Bradypodion";"LC";"False";"True";"False";12.7011626813;5.01152231915
42680235;"Bradypodion kentanicum";1;1;1;"South African National Biodiversity Institute";2018;"Southern African Regional Reptile Specialist Group";NA;NA;NA;NA;NA;"Extant (resident)";NA;"ANIMALIA";"CHORDATA";"REPTILIA";"SQUAMATA";"CHAMAELEONIDAE";"Bradypodion";"NT";"False";"True";"False";2.6012462686;0.265657110453
42683517;"Bradypodion pumilum";1;1;1;"South African National Biodiversity Institute";2018;"Southern African Regional Reptile Specialist Group";NA;NA;NA;NA;NA;"Extant (resident)";NA;"ANIMALIA";"CHORDATA";"REPTILIA";"SQUAMATA";"CHAMAELEONIDAE";"Bradypodion";"NT";"False";"True";"False";6.01080499188;0.798764372128
172576;"Trioceros melleri";1;1;1;"Krystal Tolley";2014;"IUCN";NA;NA;NA;NA;NA;"Extant (resident)";NA;"ANIMALIA";"CHORDATA";"REPTILIA";"SQUAMATA";"CHAMAELEONIDAE";"Trioceros";"LC";"False";"True";"False";30.6546602418;38.3127050716
172937;"Furcifer bifidus";1;1;1;"Madagasikara Voakajy";2012;"Madagasikara Voakajy";NA;NA;NA;NA;NA;"Extant (resident)";NA;"ANIMALIA";"CHORDATA";"REPTILIA";"SQUAMATA";"CHAMAELEONIDAE";"Furcifer";"LC";"False";"True";"False";21.4604175063;2.98664650333
172937;"Furcifer bifidus";1;1;1;"Madagasikara Voakajy";2010;"Madagasikara Voakajy";NA;NA;NA;NA;NA;"Extant (resident)";NA;"ANIMALIA";"CHORDATA";"REPTILIA";"SQUAMATA";"CHAMAELEONIDAE";"Furcifer";"LC";"False";"True";"False";21.4604175025;2.98664650245
172916;"Calumma ambreense";1;1;1;"Madagasikara Voakajy";2010;"Madagasikara Voakajy";NA;NA;NA;NA;NA;"Extant (resident)";NA;"ANIMALIA";"CHORDATA";"REPTILIA";"SQUAMATA";"CHAMAELEONIDAE";"Calumma";"NT";"False";"True";"False";1.17594652079;0.0320738625621
172916;"Calumma ambreense";1;1;1;"Madagasikara Voakajy";2012;"Madagasikara Voakajy";NA;NA;NA;NA;NA;"Extant (resident)";NA;"ANIMALIA";"CHORDATA";"REPTILIA";"SQUAMATA";"CHAMAELEONIDAE";"Calumma";"NT";"False";"True";"False";1.17594651868;0.0320738624776
172736;"Furcifer willsii";1;1;1;"Madagasikara Voakajy";2012;"Madagasikara Voakajy";NA;NA;NA;NA;NA;"Extant (resident)";NA;"ANIMALIA";"CHORDATA";"REPTILIA";"SQUAMATA";"CHAMAELEONIDAE";"Furcifer";"LC";"False";"True";"False";24.1877600657;8.51726227015
172947;"Brookesia brygooi";1;1;1;"Madagasikara Voakajy";2012;"Madagasikara Voakajy";NA;NA;NA;NA;NA;"Extant (resident)";NA;"ANIMALIA";"CHORDATA";"REPTILIA";"SQUAMATA";"CHAMAELEONIDAE";"Brookesia";"LC";"False";"True";"False";33.4010886294;12.712143292
172947;"Brookesia brygooi";1;1;1;"Madagasikara Voakajy";2010;"Madagasikara Voakajy";NA;NA;NA;NA;NA;"Extant (resident)";NA;"ANIMALIA";"CHORDATA";"REPTILIA";"SQUAMATA";"CHAMAELEONIDAE";"Brookesia";"LC";"False";"True";"False";33.4010886488;12.7121432916
203825;"Trioceros harennae";1;1;1;"Snake and Lizard RLa";2012;"IUCN";NA;NA;NA;NA;NA;"Extant (resident)";NA;"ANIMALIA";"CHORDATA";"REPTILIA";"SQUAMATA";"CHAMAELEONIDAE";"Trioceros";"LC";"False";"True";"False";2.42116746062;0.411819208148
172578;"Kinyongia adolfifriderici";1;1;1;"Krystal Tolley";2014;"IUCN";NA;NA;NA;NA;NA;"Extant (resident)";NA;"ANIMALIA";"CHORDATA";"REPTILIA";"SQUAMATA";"CHAMAELEONIDAE";"Kinyongia";"LC";"False";"True";"False";21.0900766357;4.09454533252
176312;"Chamaeleo senegalensis";1;1;1;"Tatiana Escovar";2012;"IUCN, CI";NA;NA;NA;NA;NA;"Extant (resident)";NA;"ANIMALIA";"CHORDATA";"REPTILIA";"SQUAMATA";"CHAMAELEONIDAE";"Chamaeleo";"LC";"False";"True";"False";98.3576267642;203.749272317
172774;"Calumma gastrotaenia";1;1;1;"Madagasikara Voakajy";2012;"Madagasikara Voakajy";NA;NA;NA;NA;NA;"Extant (resident)";NA;"ANIMALIA";"CHORDATA";"REPTILIA";"SQUAMATA";"CHAMAELEONIDAE";"Calumma";"LC";"False";"True";"False";16.0810205797;7.51211321269
172944;"Brookesia thieli";1;1;1;"Madagasikara Voakajy";2012;"Madagasikara Voakajy";NA;NA;NA;NA;NA;"Extant (resident)";NA;"ANIMALIA";"CHORDATA";"REPTILIA";"SQUAMATA";"CHAMAELEONIDAE";"Brookesia";"LC";"False";"True";"False";19.4719910099;3.73761859505
172944;"Brookesia thieli";1;1;1;"Madagasikara Voakajy";2010;"Madagasikara Voakajy";NA;NA;NA;NA;NA;"Extant (resident)";NA;"ANIMALIA";"CHORDATA";"REPTILIA";"SQUAMATA";"CHAMAELEONIDAE";"Brookesia";"LC";"False";"True";"False";19.4719910058;3.7376185937
42689609;"Calumma vohibola";1;1;1;"Krystal Tolley";2013;"Madagasikara Voakajy";"0";NA;NA;NA;NA;"Extant (resident)";NA;"ANIMALIA";"CHORDATA";"REPTILIA";"SQUAMATA";"CHAMAELEONIDAE";"Calumma";"EN";"False";"True";"False";1.31145064126;0.0376860171402
172878;"Brookesia bonsi";1;1;1;"Madagasikara Voakajy";2012;"Madagasikara Voakajy";NA;NA;NA;NA;NA;"Extant (resident)";NA;"ANIMALIA";"CHORDATA";"REPTILIA";"SQUAMATA";"CHAMAELEONIDAE";"Brookesia";"CR";"False";"True";"False";0.551141918105;0.0186782231896
172878;"Brookesia bonsi";1;1;1;"Madagasikara Voakajy";2010;"Madagasikara Voakajy";NA;NA;NA;NA;NA;"Extant (resident)";NA;"ANIMALIA";"CHORDATA";"REPTILIA";"SQUAMATA";"CHAMAELEONIDAE";"Brookesia";"CR";"False";"True";"False";0.551141914065;0.0186782231687
172550;"Rhampholeon moyeri";1;1;1;"Krystal Tolley";2014;"IUCN";NA;NA;NA;NA;NA;"Extant (resident)";NA;"ANIMALIA";"CHORDATA";"REPTILIA";"SQUAMATA";"CHAMAELEONIDAE";"Rhampholeon";"LC";"False";"True";"False";5.83549052116;0.102022861359
203822;"Trioceros camerunensis";1;1;1;"Krystal Tolley";2014;"IUCN";NA;NA;NA;NA;NA;"Extant (resident)";NA;"ANIMALIA";"CHORDATA";"REPTILIA";"SQUAMATA";"CHAMAELEONIDAE";"Trioceros";"LC";"False";"True";"False";5.81808385081;1.54955046923
176323;"Rhampholeon spinosus";1;1;1;"Krystal Tolley";2014;"IUCN";NA;NA;NA;NA;NA;"Extant (resident)";NA;"ANIMALIA";"CHORDATA";"REPTILIA";"SQUAMATA";"CHAMAELEONIDAE";"Rhampholeon";"EN";"False";"True";"False";2.66932826734;0.0458760351239
172558;"Trioceros goetzei";1;1;1;"Krystal Tolley";2014;"IUCN";NA;NA;NA;NA;NA;"Extant (resident)";NA;"ANIMALIA";"CHORDATA";"REPTILIA";"SQUAMATA";"CHAMAELEONIDAE";"Trioceros";"LC";"False";"True";"False";14.7114770604;3.45189648567
176299;"Brookesia tuberculata";1;1;1;"Madagasikara Voakajy";2010;"Madagasikara Voakajy";NA;NA;NA;NA;NA;"Extant (resident)";NA;"ANIMALIA";"CHORDATA";"REPTILIA";"SQUAMATA";"CHAMAELEONIDAE";"Brookesia";"VU";"False";"True";"False";1.17594652079;0.0320738625621
176299;"Brookesia tuberculata";1;1;1;"Madagasikara Voakajy";2012;"Madagasikara Voakajy";NA;NA;NA;NA;NA;"Extant (resident)";NA;"ANIMALIA";"CHORDATA";"REPTILIA";"SQUAMATA";"CHAMAELEONIDAE";"Brookesia";"VU";"False";"True";"False";1.17594651868;0.0320738624776
42760243;"Rhampholeon gorongosae";1;1;1;"Krystal Tolley";2014;"IUCN";NA;NA;NA;NA;NA;"Extant (resident)";NA;"ANIMALIA";"CHORDATA";"REPTILIA";"SQUAMATA";"CHAMAELEONIDAE";"Rhampholeon";"LC";"False";"True";"False";1.49531587447;0.00924999540066
172934;"Furcifer balteatus";1;1;1;"Madagasikara Voakajy";2010;"Madagasikara Voakajy";NA;NA;NA;NA;NA;"Extant (resident)";NA;"ANIMALIA";"CHORDATA";"REPTILIA";"SQUAMATA";"CHAMAELEONIDAE";"Furcifer";"EN";"False";"True";"False";6.14951597673;0.173719684448
172934;"Furcifer balteatus";1;1;1;"Madagasikara Voakajy";2012;"Madagasikara Voakajy";NA;NA;NA;NA;NA;"Extant (resident)";NA;"ANIMALIA";"CHORDATA";"REPTILIA";"SQUAMATA";"CHAMAELEONIDAE";"Furcifer";"EN";"False";"True";"False";6.14951598903;0.173719684668
203823;"Trioceros conirostratus";1;1;1;"Phil Bowles";2014;"IUCN, CI";NA;NA;NA;NA;NA;"Extant (resident)";NA;"ANIMALIA";"CHORDATA";"REPTILIA";"SQUAMATA";"CHAMAELEONIDAE";"Trioceros";"LC";"False";"True";"False";0.265329901674;0.00186733792588
172781;"Palleon lolontany";1;1;1;"Madagasikara Voakajy";2012;"Madagasikara Voakajy";NA;NA;NA;NA;NA;"Extant (resident)";NA;"ANIMALIA";"CHORDATA";"REPTILIA";"SQUAMATA";"CHAMAELEONIDAE";"Palleon";"NT";"False";"True";"False";1.54701086003;0.0391343881216
199603;"Chamaeleo arabicus";1;1;1;"Phil Bowles";2012;"IUCN, CI";NA;NA;NA;NA;NA;"Extant (resident)";NA;"ANIMALIA";"CHORDATA";"REPTILIA";"SQUAMATA";"CHAMAELEONIDAE";"Chamaeleo";"LC";"False";"True";"False";30.1485061046;19.1664628983
193484;"Furcifer timoni";1;1;1;"Madagasikara Voakajy";2012;"Madagasikara Voakajy";NA;NA;NA;NA;NA;"Extant (resident)";NA;"ANIMALIA";"CHORDATA";"REPTILIA";"SQUAMATA";"CHAMAELEONIDAE";"Furcifer";"NT";"False";"True";"False";1.17594651868;0.0320738624776
42685911;"Brookesia brunoi";1;1;1;"Madagasikara Voakajy";2013;"Madagasikara Voakajy";NA;NA;NA;NA;NA;"Extant (resident)";NA;"ANIMALIA";"CHORDATA";"REPTILIA";"SQUAMATA";"CHAMAELEONIDAE";"Brookesia";"NT";"False";"True";"False";0.203064162828;0.00100994760394
199758;"Furcifer polleni";1;1;1;"Philip Bowles";2012;"IUCN Snake and Lizar";"Hawlitsch";NA;NA;NA;NA;"Extant (resident)";NA;"ANIMALIA";"CHORDATA";"REPTILIA";"SQUAMATA";"CHAMAELEONIDAE";"Furcifer";"LC";"False";"True";"False";2.06482565587;0.0342892629167
61365784;"Rhampholeon nebulauctor";1;1;1;"Krystal Tolley";2014;"IUCN";NA;NA;NA;NA;NA;"Extant (resident)";NA;"ANIMALIA";"CHORDATA";"REPTILIA";"SQUAMATA";"CHAMAELEONIDAE";"Rhampholeon";"VU";"False";"True";"False";0.161247355473;0.00186310139986
172556;"Trioceros bitaeniatus";1;1;1;"Krystal Tolley";2014;"IUCN";NA;NA;NA;NA;NA;"Extant (resident)";NA;"ANIMALIA";"CHORDATA";"REPTILIA";"SQUAMATA";"CHAMAELEONIDAE";"Trioceros";"LC";"False";"True";"False";38.8296480115;69.901106818
172544;"Kinyongia tavetana";1;1;1;"Krystal Tolley";2014;"IUCN";NA;NA;NA;NA;NA;"Extant (resident)";NA;"ANIMALIA";"CHORDATA";"REPTILIA";"SQUAMATA";"CHAMAELEONIDAE";"Kinyongia";"NT";"False";"True";"False";6.28667233269;0.103510908234
75976755;"Rhampholeon hattinghi";1;1;1;"IUCN";2015;"International Union for the Conservation of Nature";NA;NA;NA;NA;NA;"Extant (resident)";NA;"ANIMALIA";"CHORDATA";"REPTILIA";"SQUAMATA";"CHAMAELEONIDAE";"Rhampholeon";"CR";"False";"True";"False";0.157183574473;0.000133839533872
176295;"Brookesia exarmata";1;1;1;"Madagasikara Voakajy";2012;"Madagasikara Voakajy";NA;NA;NA;NA;NA;"Extant (resident)";NA;"ANIMALIA";"CHORDATA";"REPTILIA";"SQUAMATA";"CHAMAELEONIDAE";"Brookesia";"EN";"False";"True";"False";3.2611204562;0.140116527958
61366030;"Rhampholeon bruessoworum";1;1;1;"Krystal Tolley";2014;"IUCN";NA;NA;NA;NA;NA;"Extant (resident)";NA;"ANIMALIA";"CHORDATA";"REPTILIA";"SQUAMATA";"CHAMAELEONIDAE";"Rhampholeon";"CR";"False";"True";"False";0.473871572298;0.000444834878347
172850;"Calumma andringitraense";1;1;1;"Madagasikara Voakajy";2010;"Madagasikara Voakajy";NA;NA;NA;NA;NA;"Extant (resident)";NA;"ANIMALIA";"CHORDATA";"REPTILIA";"SQUAMATA";"CHAMAELEONIDAE";"Calumma";"EN";"False";"True";"False";3.65467813369;0.108181267436
172749;"Furcifer verrucosus";1;1;1;"Madagasikara Voakajy";2012;"Madagasikara Voakajy";NA;NA;NA;NA;NA;"Extant (resident)";NA;"ANIMALIA";"CHORDATA";"REPTILIA";"SQUAMATA";"CHAMAELEONIDAE";"Furcifer";"LC";"False";"True";"False";42.4839208691;18.4314449304
176314;"Trioceros feae";1;1;1;"SRLI";2011;"Red List Index (Sampled Approach), Zoological Society of London";NA;NA;NA;NA;NA;"Extant (resident)";NA;"ANIMALIA";"CHORDATA";"REPTILIA";"SQUAMATA";"CHAMAELEONIDAE";"Trioceros";"NT";"False";"True";"False";1.45718193298;0.0739398501328
172579;"Trioceros oweni";1;1;1;"IUCN";2015;"International Union for the Conservation of Nature";NA;NA;NA;NA;NA;"Extant (resident)";NA;"ANIMALIA";"CHORDATA";"REPTILIA";"SQUAMATA";"CHAMAELEONIDAE";"Trioceros";"LC";"False";"True";"False";81.8200430219;154.460683461
172568;"Rhampholeon chapmanorum";1;1;1;"Krystal Tolley";2014;"IUCN";NA;NA;NA;NA;NA;"Extant (resident)";NA;"ANIMALIA";"CHORDATA";"REPTILIA";"SQUAMATA";"CHAMAELEONIDAE";"Rhampholeon";"CR";"False";"True";"False";0.0568288463604;5.00907562665e-05
172984;"Calumma brevicorne";1;1;1;"Madagasikara Voakajy";2012;"Madagasikara Voakajy";"Raxworthy";NA;NA;NA;NA;"Extant (resident)";NA;"ANIMALIA";"CHORDATA";"REPTILIA";"SQUAMATA";"CHAMAELEONIDAE";"Calumma";"LC";"False";"True";"False";33.9921848233;3.28813822615
8765;"Furcifer labordi";1;1;1;"Madagasikara Voakajy";2012;"Madagasikara Voakajy";NA;NA;NA;NA;NA;"Extant (resident)";NA;"ANIMALIA";"CHORDATA";"REPTILIA";"SQUAMATA";"CHAMAELEONIDAE";"Furcifer";"VU";"False";"True";"False";13.064053798;1.44873440913
8765;"Furcifer labordi";1;1;1;"Madagasikara Voakajy";2010;"Madagasikara Voakajy";NA;NA;NA;NA;NA;"Extant (resident)";NA;"ANIMALIA";"CHORDATA";"REPTILIA";"SQUAMATA";"CHAMAELEONIDAE";"Furcifer";"VU";"False";"True";"False";13.0640537967;1.44873440925
42695944;"Furcifer major";1;1;1;"Madagasikara Voakajy";2013;"Madagasikara Voakajy";NA;NA;NA;NA;NA;"Extant (resident)";NA;"ANIMALIA";"CHORDATA";"REPTILIA";"SQUAMATA";"CHAMAELEONIDAE";"Furcifer";"LC";"False";"True";"False";17.5435242112;10.869962103
172840;"Calumma capuroni";1;1;1;"Madagasikara Voakajy";2012;"Madagasikara Voakajy";NA;NA;NA;NA;NA;"Extant (resident)";NA;"ANIMALIA";"CHORDATA";"REPTILIA";"SQUAMATA";"CHAMAELEONIDAE";"Calumma";"VU";"False";"True";"False";0.559605632796;0.00698909782085
172523;"Rhampholeon boulengeri";1;1;1;"Krystal Tolley";2014;"IUCN";NA;NA;NA;NA;NA;"Extant (resident)";NA;"ANIMALIA";"CHORDATA";"REPTILIA";"SQUAMATA";"CHAMAELEONIDAE";"Rhampholeon";"LC";"False";"True";"False";28.8540322248;25.0388017033
8764;"Furcifer campani";1;1;1;"Madagasikara Voakajy";2010;"Madagasikara Voakajy";NA;NA;NA;NA;NA;"Extant (resident)";NA;"ANIMALIA";"CHORDATA";"REPTILIA";"SQUAMATA";"CHAMAELEONIDAE";"Furcifer";"VU";"False";"True";"False";6.5290136647;1.2588769313
8764;"Furcifer campani";1;1;1;"Madagasikara Voakajy";2012;"Madagasikara Voakajy";NA;NA;NA;NA;NA;"Extant (resident)";NA;"ANIMALIA";"CHORDATA";"REPTILIA";"SQUAMATA";"CHAMAELEONIDAE";"Furcifer";"VU";"False";"True";"False";6.52901366395;1.25887693065
176291;"Bradypodion dracomontanum";1;1;1;"South African National Biodiversity Institute";2018;"Southern African Regional Reptile Specialist Group";NA;NA;NA;NA;NA;"Extant (resident)";NA;"ANIMALIA";"CHORDATA";"REPTILIA";"SQUAMATA";"CHAMAELEONIDAE";"Bradypodion";"NT";"False";"True";"False";4.72687187864;0.215764937582
42683369;"Bradypodion occidentale";1;1;1;"South African National Biodiversity Institute";2018;"Southern African Regional Reptile Specialist Group";NA;NA;NA;NA;NA;"Extant (resident)";NA;"ANIMALIA";"CHORDATA";"REPTILIA";"SQUAMATA";"CHAMAELEONIDAE";"Bradypodion";"LC";"False";"True";"False";14.3207746096;3.32804264623
172557;"Trioceros fuelleborni";1;1;1;"Krystal Tolley";2014;"IUCN";NA;NA;NA;NA;NA;"Extant (resident)";NA;"ANIMALIA";"CHORDATA";"REPTILIA";"SQUAMATA";"CHAMAELEONIDAE";"Trioceros";"LC";"False";"True";"False";1.75864914245;0.0336783578223
172539;"Trioceros schubotzi";1;1;1;"Krystal Tolley";2014;"IUCN";NA;NA;NA;NA;NA;"Extant (resident)";NA;"ANIMALIA";"CHORDATA";"REPTILIA";"SQUAMATA";"CHAMAELEONIDAE";"Trioceros";"NT";"False";"True";"False";0.449285378008;0.0137396920647
172533;"Kinyongia vanheygeni";1;1;1;"Krystal Tolley";2014;"IUCN";NA;NA;NA;NA;NA;"Extant (resident)";NA;"ANIMALIA";"CHORDATA";"REPTILIA";"SQUAMATA";"CHAMAELEONIDAE";"Kinyongia";"LC";"False";"True";"False";1.26539477252;0.0225731814917
172569;"Kinyongia excubitor";1;1;1;"Krystal Tolley";2014;"IUCN";NA;NA;NA;NA;NA;"Extant (resident)";NA;"ANIMALIA";"CHORDATA";"REPTILIA";"SQUAMATA";"CHAMAELEONIDAE";"Kinyongia";"VU";"False";"True";"False";5.40480379774;0.100986228805
176313;"Trioceros cristatus";1;1;1;"SRLI";2011;"Red List Index (Sampled Approach), Zoological Society of London";NA;NA;NA;NA;NA;"Extant (resident)";NA;"ANIMALIA";"CHORDATA";"REPTILIA";"SQUAMATA";"CHAMAELEONIDAE";"Trioceros";"LC";"False";"True";"False";56.610742705;106.863332755
172879;"Calumma vencesi";1;1;1;"Madagasikara Voakajy";2012;"Madagasikara Voakajy";NA;NA;NA;NA;NA;"Extant (resident)";NA;"ANIMALIA";"CHORDATA";"REPTILIA";"SQUAMATA";"CHAMAELEONIDAE";"Calumma";"EN";"False";"True";"False";1.16801564792;0.0496791016025
172879;"Calumma vencesi";1;1;1;"Madagasikara Voakajy";2010;"Madagasikara Voakajy";NA;NA;NA;NA;NA;"Extant (resident)";NA;"ANIMALIA";"CHORDATA";"REPTILIA";"SQUAMATA";"CHAMAELEONIDAE";"Calumma";"EN";"False";"True";"False";1.16801565005;0.049679101599
172923;"Calumma malthe";1;1;1;"Madagasikara Voakajy";2012;"Madagasikara Voakajy";NA;NA;NA;NA;NA;"Extant (resident)";NA;"ANIMALIA";"CHORDATA";"REPTILIA";"SQUAMATA";"CHAMAELEONIDAE";"Calumma";"LC";"False";"True";"False";16.9400179421;4.0918809405
61425;"Archaius tigris";1;1;1;"IUCN";2006;"IUCN (International Union for Conservation of Nature)";NA;NA;NA;NA;NA;"Extant (resident)";NA;"ANIMALIA";"CHORDATA";"REPTILIA";"SQUAMATA";"CHAMAELEONIDAE";"Archaius";"EN";"False";"True";"False";0.530986497048;0.00317227232827
172923;"Calumma malthe";1;1;1;"Madagasikara Voakajy";2010;"Madagasikara Voakajy";NA;NA;NA;NA;NA;"Extant (resident)";NA;"ANIMALIA";"CHORDATA";"REPTILIA";"SQUAMATA";"CHAMAELEONIDAE";"Calumma";"LC";"False";"True";"False";16.940017944;4.09188093818
172790;"Brookesia lambertoni";1;1;1;"Madagasikara Voakajy";2012;"Madagasikara Voakajy";NA;NA;NA;NA;NA;"Extant (resident)";NA;"ANIMALIA";"CHORDATA";"REPTILIA";"SQUAMATA";"CHAMAELEONIDAE";"Brookesia";"DD";"False";"True";"False";2.21464468757;0.064777623324
172790;"Brookesia lambertoni";1;1;1;"Madagasikara Voakajy";2010;"Madagasikara Voakajy";NA;NA;NA;NA;NA;"Extant (resident)";NA;"ANIMALIA";"CHORDATA";"REPTILIA";"SQUAMATA";"CHAMAELEONIDAE";"Brookesia";"DD";"False";"True";"False";2.21464470124;0.0647776233377
172777;"Brookesia ramanantsoai";1;1;1;"Madagasikara Voakajy";2012;"Madagasikara Voakajy";NA;NA;NA;NA;NA;"Extant (resident)";NA;"ANIMALIA";"CHORDATA";"REPTILIA";"SQUAMATA";"CHAMAELEONIDAE";"Brookesia";"EN";"False";"True";"False";2.22400245975;0.058169728997
172777;"Brookesia ramanantsoai";1;1;1;"Madagasikara Voakajy";2010;"Madagasikara Voakajy";NA;NA;NA;NA;NA;"Extant (resident)";NA;"ANIMALIA";"CHORDATA";"REPTILIA";"SQUAMATA";"CHAMAELEONIDAE";"Brookesia";"EN";"False";"True";"False";2.2240024515;0.0581697290012
176296;"Brookesia griveaudi";1;1;1;"Madagasikara Voakajy";2012;"Madagasikara Voakajy";NA;NA;NA;NA;NA;"Extant (resident)";NA;"ANIMALIA";"CHORDATA";"REPTILIA";"SQUAMATA";"CHAMAELEONIDAE";"Brookesia";"NT";"False";"True";"False";7.59146757099;1.82988475672
176296;"Brookesia griveaudi";1;1;1;"Madagasikara Voakajy";2010;"Madagasikara Voakajy";NA;NA;NA;NA;NA;"Extant (resident)";NA;"ANIMALIA";"CHORDATA";"REPTILIA";"SQUAMATA";"CHAMAELEONIDAE";"Brookesia";"NT";"False";"True";"False";7.59146756305;1.82988475709
42687277;"Brookesia tristis";1;1;1;"Madagasikara Voakajy";2013;"Madagasikara Voakajy";NA;NA;NA;NA;NA;"Extant (resident)";NA;"ANIMALIA";"CHORDATA";"REPTILIA";"SQUAMATA";"CHAMAELEONIDAE";"Brookesia";"EN";"False";"True";"False";0.332846963248;0.00527122676178
203821;"Trioceros balebicornutus";1;1;1;"Snake and Lizard RLA";2012;"IUCN";NA;NA;NA;NA;NA;"Extant (resident)";NA;"ANIMALIA";"CHORDATA";"REPTILIA";"SQUAMATA";"CHAMAELEONIDAE";"Trioceros";"NT";"False";"True";"False";1.17427337923;0.101251716283
172737;"Calumma peltierorum";1;1;1;"Madagasikara Voakajy";2012;"Madagasikara Voakajy";NA;NA;NA;NA;NA;"Extant (resident)";NA;"ANIMALIA";"CHORDATA";"REPTILIA";"SQUAMATA";"CHAMAELEONIDAE";"Calumma";"NT";"False";"True";"False";3.23280341916;0.303094359227
172737;"Calumma peltierorum";1;1;1;"Madagasikara Voakajy";2010;"Madagasikara Voakajy";NA;NA;NA;NA;NA;"Extant (resident)";NA;"ANIMALIA";"CHORDATA";"REPTILIA";"SQUAMATA";"CHAMAELEONIDAE";"Calumma";"NT";"False";"True";"False";3.23280341604;0.303094359056
172571;"Trioceros quadricornis";1;1;1;"Phil Bowles";2012;"International Union for the Conservation of Nature; Conservation International";NA;NA;NA;NA;NA;"Extant (resident)";NA;"ANIMALIA";"CHORDATA";"REPTILIA";"SQUAMATA";"CHAMAELEONIDAE";"Trioceros";"VU";"False";"True";"False";3.30860981816;0.0547621147158
172571;"Trioceros quadricornis";1;1;1;"IUCN";2015;"International Union for the Conservation of Nature; Conservation International";NA;NA;NA;NA;NA;"Extant (resident)";NA;"ANIMALIA";"CHORDATA";"REPTILIA";"SQUAMATA";"CHAMAELEONIDAE";"Trioceros";"VU";"False";"True";"False";1.84177301098;0.0508611833606
172546;"Kinyongia xenorhina";1;1;1;"Krystal Tolley";2014;"IUCN";NA;NA;NA;NA;NA;"Extant (resident)";NA;"ANIMALIA";"CHORDATA";"REPTILIA";"SQUAMATA";"CHAMAELEONIDAE";"Kinyongia";"NT";"False";"True";"False";2.86773971255;0.0867319565106
172800;"Calumma amber";1;1;1;"Madagasikara Voakajy";2010;"Madagasikara Voakajy";NA;NA;NA;NA;NA;"Extant (resident)";NA;"ANIMALIA";"CHORDATA";"REPTILIA";"SQUAMATA";"CHAMAELEONIDAE";"Calumma";"NT";"False";"True";"False";1.17594652079;0.0320738625621
172800;"Calumma amber";1;1;1;"Madagasikara Voakajy";2012;"Madagasikara Voakajy";NA;NA;NA;NA;NA;"Extant (resident)";NA;"ANIMALIA";"CHORDATA";"REPTILIA";"SQUAMATA";"CHAMAELEONIDAE";"Calumma";"NT";"False";"True";"False";1.17594651868;0.0320738624776
172915;"Calumma oshaughnessyi";1;1;1;"Madagasikara Voakajy";2012;"Madagasikara Voakajy";NA;NA;NA;NA;NA;"Extant (resident)";NA;"ANIMALIA";"CHORDATA";"REPTILIA";"SQUAMATA";"CHAMAELEONIDAE";"Calumma";"VU";"False";"True";"False";14.4860420469;1.64467368005
172761;"Calumma guillaumeti";1;1;1;"Madagasikara Voakajy";2012;"Madagasikara Voakajy";NA;NA;NA;NA;NA;"Extant (resident)";NA;"ANIMALIA";"CHORDATA";"REPTILIA";"SQUAMATA";"CHAMAELEONIDAE";"Calumma";"LC";"False";"True";"False";4.03220993389;0.540102463327
172527;"Trioceros ntunte";1;1;1;"Krystal Tolley";2014;"IUCN";NA;NA;NA;NA;NA;"Extant (resident)";NA;"ANIMALIA";"CHORDATA";"REPTILIA";"SQUAMATA";"CHAMAELEONIDAE";"Trioceros";"DD";"False";"True";"False";0.408616546784;0.00641522474099
172741;"Brookesia superciliaris";1;1;1;"Madagasikara Voakajy";2012;"Madagasikara Voakajy";NA;NA;NA;NA;NA;"Extant (resident)";NA;"ANIMALIA";"CHORDATA";"REPTILIA";"SQUAMATA";"CHAMAELEONIDAE";"Brookesia";"LC";"False";"True";"False";28.535518628;6.40970475911
172741;"Brookesia superciliaris";1;1;1;"Madagasikara Voakajy";2010;"Madagasikara Voakajy";NA;NA;NA;NA;NA;"Extant (resident)";NA;"ANIMALIA";"CHORDATA";"REPTILIA";"SQUAMATA";"CHAMAELEONIDAE";"Brookesia";"LC";"False";"True";"False";28.5355186385;6.40970475829
176309;"Chamaeleo calcaricarens";1;1;1;"Krystal Tolley";2014;"IUCN";NA;NA;NA;NA;NA;"Extant (resident)";NA;"ANIMALIA";"CHORDATA";"REPTILIA";"SQUAMATA";"CHAMAELEONIDAE";"Chamaeleo";"LC";"False";"True";"False";17.6695513701;12.2473730057
176316;"Trioceros incornutus";1;1;1;"Krystal Tolley";2014;"IUCN";NA;NA;NA;NA;NA;"Extant (resident)";NA;"ANIMALIA";"CHORDATA";"REPTILIA";"SQUAMATA";"CHAMAELEONIDAE";"Trioceros";"LC";"False";"True";"False";4.64252961377;1.01384118316
42687009;"Brookesia micra";1;1;1;"Madagasikara Voakajy";2013;"Madagasikara Voakajy";NA;NA;NA;NA;NA;"Extant (resident)";NA;"ANIMALIA";"CHORDATA";"REPTILIA";"SQUAMATA";"CHAMAELEONIDAE";"Brookesia";"NT";"False";"True";"False";0.0574687877043;0.000143747910753
176310;"Chamaeleo monachus";1;1;1;"Roberto Sindaco";2012;"IUCN (International";NA;NA;NA;NA;NA;"Extant (resident)";NA;"ANIMALIA";"CHORDATA";"REPTILIA";"SQUAMATA";"CHAMAELEONIDAE";"Chamaeleo";"NT";"False";"True";"False";2.96013216796;0.30126506706
203828;"Trioceros perreti";1;1;1;"IUCN";2015;"International Union for the Conservation of Nature";NA;NA;NA;NA;NA;"Extant (resident)";NA;"ANIMALIA";"CHORDATA";"REPTILIA";"SQUAMATA";"CHAMAELEONIDAE";"Trioceros";"EN";"False";"True";"False";1.45958919754;0.0233354316224
172896;"Calumma parsonii";1;1;1;"Madagasikara Voakajy";2010;"Madagasikara Voakajy";NA;NA;NA;NA;NA;"Extant (resident)";NA;"ANIMALIA";"CHORDATA";"REPTILIA";"SQUAMATA";"CHAMAELEONIDAE";"Calumma";"NT";"False";"True";"False";23.4335653741;3.38858146654
172896;"Calumma parsonii";1;1;1;"Madagasikara Voakajy";2012;"Madagasikara Voakajy";NA;NA;NA;NA;NA;"Extant (resident)";NA;"ANIMALIA";"CHORDATA";"REPTILIA";"SQUAMATA";"CHAMAELEONIDAE";"Calumma";"NT";"False";"True";"False";23.4335653736;3.38858146982
203820;"Trioceros affinis";1;1;1;"Snake and Lizard RLA";2012;"IUCN";NA;NA;NA;NA;NA;"Extant (resident)";NA;"ANIMALIA";"CHORDATA";"REPTILIA";"SQUAMATA";"CHAMAELEONIDAE";"Trioceros";"LC";"False";"True";"False";22.2617304202;23.8114725972
172580;"Trioceros ellioti";1;1;1;"Krystal Tolley";2014;"IUCN";NA;NA;NA;NA;NA;"Extant (resident)";NA;"ANIMALIA";"CHORDATA";"REPTILIA";"SQUAMATA";"CHAMAELEONIDAE";"Trioceros";"LC";"False";"True";"False";50.2913029035;12.5612313022
203829;"Trioceros serratus";1;1;1;"IUCN";2015;"International Union for the Conservation of Nature";NA;NA;NA;NA;NA;"Extant (resident)";NA;"ANIMALIA";"CHORDATA";"REPTILIA";"SQUAMATA";"CHAMAELEONIDAE";"Trioceros";"VU";"False";"True";"False";4.36260142736;0.328751734712
172520;"Rieppeleon brevicaudatus";1;1;1;"Krystal Tolley";2014;"IUCN";NA;NA;NA;NA;NA;"Extant (resident)";NA;"ANIMALIA";"CHORDATA";"REPTILIA";"SQUAMATA";"CHAMAELEONIDAE";"Rieppeleon";"LC";"False";"True";"False";17.3033541079;13.2513256745
172525;"Kinyongia vosseleri";1;1;1;"Krystal Tolley";2014;"IUCN";NA;NA;NA;NA;NA;"Extant (resident)";NA;"ANIMALIA";"CHORDATA";"REPTILIA";"SQUAMATA";"CHAMAELEONIDAE";"Kinyongia";"EN";"False";"True";"False";3.40883376437;0.0233016466868
172912;"Brookesia betschi";1;1;1;"Madagasikara Voakajy";2012;"Madagasikara Voakajy";NA;NA;NA;NA;NA;"Extant (resident)";NA;"ANIMALIA";"CHORDATA";"REPTILIA";"SQUAMATA";"CHAMAELEONIDAE";"Brookesia";"NT";"False";"True";"False";4.56495524866;0.928668942147
172912;"Brookesia betschi";1;1;1;"Madagasikara Voakajy";2010;"Madagasikara Voakajy";NA;NA;NA;NA;NA;"Extant (resident)";NA;"ANIMALIA";"CHORDATA";"REPTILIA";"SQUAMATA";"CHAMAELEONIDAE";"Brookesia";"NT";"False";"True";"False";4.5649552488;0.928668942676
176300;"Brookesia valerieae";1;1;1;"Madagasikara Voakajy";2010;"Madagasikara Voakajy";NA;NA;NA;NA;NA;"Extant (resident)";NA;"ANIMALIA";"CHORDATA";"REPTILIA";"SQUAMATA";"CHAMAELEONIDAE";"Brookesia";"EN";"False";"True";"False";2.08568935925;0.216522880215
42760615;"Trioceros kinangopensis";1;1;1;"Krystal Tolley";2014;"IUCN";NA;NA;NA;NA;NA;"Extant (resident)";NA;"ANIMALIA";"CHORDATA";"REPTILIA";"SQUAMATA";"CHAMAELEONIDAE";"Trioceros";"NT";"False";"True";"False";0.21070067396;0.00139539827171
176300;"Brookesia valerieae";1;1;1;"Madagasikara Voakajy";2012;"Madagasikara Voakajy";NA;NA;NA;NA;NA;"Extant (resident)";NA;"ANIMALIA";"CHORDATA";"REPTILIA";"SQUAMATA";"CHAMAELEONIDAE";"Brookesia";"EN";"False";"True";"False";2.08568936316;0.216522880375
172564;"Kinyongia boehmei";1;1;1;"Krystal Tolley";2014;"IUCN";NA;NA;NA;NA;NA;"Extant (resident)";NA;"ANIMALIA";"CHORDATA";"REPTILIA";"SQUAMATA";"CHAMAELEONIDAE";"Kinyongia";"NT";"False";"True";"False";1.08273039096;0.0194703724739
176311;"Chamaeleo namaquensis";1;1;1;"SRLI";2011;"Red List Index (Sampled Approach), Zoological Society of London";NA;NA;NA;NA;NA;"Extant (resident)";NA;"ANIMALIA";"CHORDATA";"REPTILIA";"SQUAMATA";"CHAMAELEONIDAE";"Chamaeleo";"LC";"False";"True";"False";49.927144793;55.2110035073
61365811;"Rhampholeon tilburyi";1;1;1;"Krystal Tolley";2014;"IUCN";NA;NA;NA;NA;NA;"Extant (resident)";NA;"ANIMALIA";"CHORDATA";"REPTILIA";"SQUAMATA";"CHAMAELEONIDAE";"Rhampholeon";"CR";"False";"True";"False";0.709619159255;0.00103075845355
172858;"Brookesia vadoni";1;1;1;"Madagasikara Voakajy";2012;"Madagasikara Voakajy";NA;NA;NA;NA;NA;"Extant (resident)";NA;"ANIMALIA";"CHORDATA";"REPTILIA";"SQUAMATA";"CHAMAELEONIDAE";"Brookesia";"VU";"False";"True";"False";5.2779461483;1.20570069924
172858;"Brookesia vadoni";1;1;1;"Madagasikara Voakajy";2010;"Madagasikara Voakajy";NA;NA;NA;NA;NA;"Extant (resident)";NA;"ANIMALIA";"CHORDATA";"REPTILIA";"SQUAMATA";"CHAMAELEONIDAE";"Brookesia";"VU";"False";"True";"False";5.27794614912;1.20570069938
157246;"Chamaeleo chamaeleon";1;1;1;"IUCN, CI";2012;"International Union for Conservation of Nature (IUCN), Conservation International";NA;NA;NA;NA;NA;"Extant (resident)";NA;"ANIMALIA";"CHORDATA";"REPTILIA";"SQUAMATA";"CHAMAELEONIDAE";"Chamaeleo";"LC";"False";"True";"False";114.98163182;44.0324008775
157246;"Chamaeleo chamaeleon";2;1;1;"IUCN";2008;"International Union for Conservation of Nature (IUCN), Conservation International";NA;NA;NA;NA;NA;"Probably Extant (resident)";NA;"ANIMALIA";"CHORDATA";"REPTILIA";"SQUAMATA";"CHAMAELEONIDAE";"Chamaeleo";"LC";"False";"True";"False";8.66609307479;0.82758512996
157246;"Chamaeleo chamaeleon";1;3;1;"IUCN";2008;"International Union for Conservation of Nature (IUCN), Conservation International";NA;NA;NA;NA;NA;"Extant & Introduced (resident)";NA;"ANIMALIA";"CHORDATA";"REPTILIA";"SQUAMATA";"CHAMAELEONIDAE";"Chamaeleo";"LC";"False";"True";"False";20.8449707156;2.01285141991
157246;"Chamaeleo chamaeleon";1;1;1;"IUCN";2008;"International Union for Conservation of Nature (IUCN), Conservation International";NA;NA;NA;NA;NA;"Extant (resident)";NA;"ANIMALIA";"CHORDATA";"REPTILIA";"SQUAMATA";"CHAMAELEONIDAE";"Chamaeleo";"LC";"False";"True";"False";131.146622974;89.2488275206
176315;"Trioceros hoehnelii";1;1;1;"Krystal Tolley";2014;"IUCN";NA;NA;NA;NA;NA;"Extant (resident)";NA;"ANIMALIA";"CHORDATA";"REPTILIA";"SQUAMATA";"CHAMAELEONIDAE";"Trioceros";"LC";"False";"True";"False";9.52653339854;4.77626225136
172534;"Trioceros rudis";1;1;1;"Krystal Tolley";2014;"IUCN";NA;NA;NA;NA;NA;"Extant (resident)";NA;"ANIMALIA";"CHORDATA";"REPTILIA";"SQUAMATA";"CHAMAELEONIDAE";"Trioceros";"LC";"False";"True";"False";20.5071362948;10.4111772999
172566;"Trioceros marsabitensis";1;1;1;"Krystal Tolley";2014;"IUCN";NA;NA;NA;NA;NA;"Extant (resident)";NA;"ANIMALIA";"CHORDATA";"REPTILIA";"SQUAMATA";"CHAMAELEONIDAE";"Trioceros";"NT";"False";"True";"False";0.451996039539;0.010586534156
172869;"Furcifer nicosiai";1;1;1;"Madagasikara Voakajy";2012;"Madagasikara Voakajy";NA;NA;NA;NA;NA;"Extant (resident)";NA;"ANIMALIA";"CHORDATA";"REPTILIA";"SQUAMATA";"CHAMAELEONIDAE";"Furcifer";"EN";"False";"True";"False";3.13753091765;0.134137476276
172869;"Furcifer nicosiai";1;1;1;"Madagasikara Voakajy";2010;"Madagasikara Voakajy";NA;NA;NA;NA;NA;"Extant (resident)";NA;"ANIMALIA";"CHORDATA";"REPTILIA";"SQUAMATA";"CHAMAELEONIDAE";"Furcifer";"EN";"False";"True";"False";3.13753091809;0.134137476208
176318;"Trioceros montium";1;1;1;"SRLI";2011;"Red List Index (Sampled Approach), Zoological Society of London";NA;NA;NA;NA;NA;"Extant (resident)";NA;"ANIMALIA";"CHORDATA";"REPTILIA";"SQUAMATA";"CHAMAELEONIDAE";"Trioceros";"NT";"False";"True";"False";4.33126347149;0.771210428806
42686345;"Brookesia confidens";1;1;1;"Madagasikara Voakajy";2013;"Madagasikara Voakajy";NA;NA;NA;NA;NA;"Extant (resident)";NA;"ANIMALIA";"CHORDATA";"REPTILIA";"SQUAMATA";"CHAMAELEONIDAE";"Brookesia";"NT";"False";"True";"False";0.880056425442;0.021034240983
172526;"Chamaeleo anchietae";1;1;1;"IUCN";2015;"International Union for the Conservation of Nature";NA;NA;NA;NA;NA;"Extant (resident)";NA;"ANIMALIA";"CHORDATA";"REPTILIA";"SQUAMATA";"CHAMAELEONIDAE";"Chamaeleo";"LC";"False";"True";"False";34.488124344;27.7600197007
172540;"Kinyongia asheorum";1;1;1;"Krystal Tolley";2014;"IUCN";NA;NA;NA;NA;NA;"Extant (resident)";NA;"ANIMALIA";"CHORDATA";"REPTILIA";"SQUAMATA";"CHAMAELEONIDAE";"Kinyongia";"NT";"False";"True";"False";0.512262352585;0.00322956011129
157273;"Chamaeleo africanus";1;1;1;"Krystal Tolley";2014;"IUCN";NA;NA;NA;NA;NA;"Extant (resident)";NA;"ANIMALIA";"CHORDATA";"REPTILIA";"SQUAMATA";"CHAMAELEONIDAE";"Chamaeleo";"LC";"False";"True";"False";110.674987509;623.347028233
176321;"Rhampholeon marshalli";1;1;1;"Krystal Tolley";2014;"IUCN";NA;NA;NA;NA;NA;"Extant (resident)";NA;"ANIMALIA";"CHORDATA";"REPTILIA";"SQUAMATA";"CHAMAELEONIDAE";"Rhampholeon";"VU";"False";"True";"False";5.64842821193;0.0454644400711
172909;"Brookesia lineata";1;1;1;"Madagasikara Voakajy";2012;"Madagasikara Voakajy";NA;NA;NA;NA;NA;"Extant (resident)";NA;"ANIMALIA";"CHORDATA";"REPTILIA";"SQUAMATA";"CHAMAELEONIDAE";"Brookesia";"EN";"False";"True";"False";2.99595482503;0.114597654487
172909;"Brookesia lineata";1;1;1;"Madagasikara Voakajy";2010;"Madagasikara Voakajy";NA;NA;NA;NA;NA;"Extant (resident)";NA;"ANIMALIA";"CHORDATA";"REPTILIA";"SQUAMATA";"CHAMAELEONIDAE";"Brookesia";"EN";"False";"True";"False";6.15123909153;0.198885958707
172535;"Rieppeleon kerstenii";1;1;1;"Krystal Tolley";2014;"IUCN";NA;NA;NA;NA;NA;"Extant (resident)";NA;"ANIMALIA";"CHORDATA";"REPTILIA";"SQUAMATA";"CHAMAELEONIDAE";"Rieppeleon";"LC";"False";"True";"False";47.9358780579;103.160843497
75976541;"Calumma linotum";1;1;1;"IUCN";2015;"International Union for the Conservation of Nature";NA;NA;NA;NA;NA;"Extant (resident)";NA;"ANIMALIA";"CHORDATA";"REPTILIA";"SQUAMATA";"CHAMAELEONIDAE";"Calumma";"LC";"False";"True";"False";2.17497065828;0.176259248984
176301;"Calumma boettgeri";1;1;1;"IUCN";2015;"International Union for the Conservation of Nature";NA;NA;NA;NA;NA;"Extant (resident)";NA;"ANIMALIA";"CHORDATA";"REPTILIA";"SQUAMATA";"CHAMAELEONIDAE";"Calumma";"LC";"False";"True";"False";2.75586725511;0.174521259259
172955;"Furcifer pardalis";1;1;1;"Madagasikara Voakajy";2012;"International Union for Conservation of Nature (IUCN), Conservation International, Madagasikara Voakajy";NA;NA;NA;NA;NA;"Extant (resident)";NA;"ANIMALIA";"CHORDATA";"REPTILIA";"SQUAMATA";"CHAMAELEONIDAE";"Furcifer";"LC";"False";"True";"False";35.4203646075;3.71931247149
172980;"Calumma tsycorne";1;1;1;"Madagasikara Voakajy";2012;"Madagasikara Voakajy";NA;NA;NA;NA;NA;"Extant (resident)";NA;"ANIMALIA";"CHORDATA";"REPTILIA";"SQUAMATA";"CHAMAELEONIDAE";"Calumma";"VU";"False";"True";"False";3.3640580086;0.0917775702146
172808;"Brookesia dentata";1;1;1;"Madagasikara Voakajy";2010;"Madagasikara Voakajy";NA;NA;NA;NA;NA;"Extant (resident)";NA;"ANIMALIA";"CHORDATA";"REPTILIA";"SQUAMATA";"CHAMAELEONIDAE";"Brookesia";"EN";"False";"True";"False";3.31295581439;0.13580397739
172808;"Brookesia dentata";1;1;1;"Madagasikara Voakajy";2012;"Madagasikara Voakajy";NA;NA;NA;NA;NA;"Extant (resident)";NA;"ANIMALIA";"CHORDATA";"REPTILIA";"SQUAMATA";"CHAMAELEONIDAE";"Brookesia";"EN";"False";"True";"False";3.31295580766;0.135803977436
172830;"Calumma globifer";1;1;1;"Madagasikara Voakajy";2012;"Madagasikara Voakajy";NA;NA;NA;NA;NA;"Extant (resident)";NA;"ANIMALIA";"CHORDATA";"REPTILIA";"SQUAMATA";"CHAMAELEONIDAE";"Calumma";"EN";"False";"True";"False";2.70573706376;0.0578461580733
172553;"Trioceros wiedersheimi";1;1;1;"Phil Bowles";2012;"IUCN, CI";NA;NA;NA;NA;NA;"Extant (resident)";NA;"ANIMALIA";"CHORDATA";"REPTILIA";"SQUAMATA";"CHAMAELEONIDAE";"Trioceros";"DD";"False";"True";"False";0.790958417854;0.0165947231154
176303;"Calumma gallus";1;1;1;"Madagasikara Voakajy";2012;"Madagasikara Voakajy";NA;NA;NA;NA;NA;"Extant (resident)";NA;"ANIMALIA";"CHORDATA";"REPTILIA";"SQUAMATA";"CHAMAELEONIDAE";"Calumma";"EN";"False";"True";"False";3.2798491077;0.334455434675
172573;"Trioceros johnstoni";1;1;1;"Krystal Tolley";2014;"IUCN";NA;NA;NA;NA;NA;"Extant (resident)";NA;"ANIMALIA";"CHORDATA";"REPTILIA";"SQUAMATA";"CHAMAELEONIDAE";"Trioceros";"LC";"False";"True";"False";12.8486496173;7.07775216743
42686901;"Brookesia desperata";1;1;1;"Madagasikara Voakajy";2013;"Madagasikara Voakajy";NA;NA;NA;NA;NA;"Extant (resident)";NA;"ANIMALIA";"CHORDATA";"REPTILIA";"SQUAMATA";"CHAMAELEONIDAE";"Brookesia";"CR";"False";"True";"False";0.320151528682;0.00354057260285
172887;"Furcifer antimena";1;1;1;"Madagasikara Voakajy";2010;"Madagasikara Voakajy";NA;NA;NA;NA;NA;"Extant (resident)";NA;"ANIMALIA";"CHORDATA";"REPTILIA";"SQUAMATA";"CHAMAELEONIDAE";"Furcifer";"VU";"False";"True";"False";6.7048056795;0.554446137644
172887;"Furcifer antimena";1;1;1;"Madagasikara Voakajy";2012;"Madagasikara Voakajy";NA;NA;NA;NA;NA;"Extant (resident)";NA;"ANIMALIA";"CHORDATA";"REPTILIA";"SQUAMATA";"CHAMAELEONIDAE";"Furcifer";"VU";"False";"True";"False";6.70480568466;0.554446137178
176297;"Brookesia stumpffi";1;1;1;"Madagasikara Voakajy";2012;"Madagasikara Voakajy";NA;NA;NA;NA;NA;"Extant (resident)";NA;"ANIMALIA";"CHORDATA";"REPTILIA";"SQUAMATA";"CHAMAELEONIDAE";"Brookesia";"LC";"False";"True";"False";37.0527470145;5.19130427034
176297;"Brookesia stumpffi";1;1;1;"Madagasikara Voakajy";2010;"Madagasikara Voakajy";NA;NA;NA;NA;NA;"Extant (resident)";NA;"ANIMALIA";"CHORDATA";"REPTILIA";"SQUAMATA";"CHAMAELEONIDAE";"Brookesia";"LC";"False";"True";"False";37.0527470174;5.19130426953
172740;"Furcifer belalandaensis";1;1;1;"Madagasikara Voakajy";2012;"Madagasikara Voakajy";NA;NA;NA;NA;NA;"Extant (resident)";NA;"ANIMALIA";"CHORDATA";"REPTILIA";"SQUAMATA";"CHAMAELEONIDAE";"Furcifer";"CR";"False";"True";"False";0.0768112065476;0.000358042040363
172740;"Furcifer belalandaensis";1;1;1;"Madagasikara Voakajy";2010;"Madagasikara Voakajy";NA;NA;NA;NA;NA;"Extant (resident)";NA;"ANIMALIA";"CHORDATA";"REPTILIA";"SQUAMATA";"CHAMAELEONIDAE";"Furcifer";"CR";"False";"True";"False";0.0768112075966;0.000358042046256
42760216;"Nadzikambia baylissi";1;1;1;"Krystal Tolley";2014;"IUCN";NA;NA;NA;NA;NA;"Extant (resident)";NA;"ANIMALIA";"CHORDATA";"REPTILIA";"SQUAMATA";"CHAMAELEONIDAE";"Nadzikambia";"NT";"False";"True";"False";0.528889367406;0.00556683671795
172521;"Trioceros tempeli";1;1;1;"Krystal Tolley";2014;"IUCN";NA;NA;NA;NA;NA;"Extant (resident)";NA;"ANIMALIA";"CHORDATA";"REPTILIA";"SQUAMATA";"CHAMAELEONIDAE";"Trioceros";"LC";"False";"True";"False";5.60640906963;0.451056435439
172866;"Furcifer oustaleti";1;1;1;"Madagasikara Voakajy";2010;"Madagasikara Voakajy";NA;NA;NA;NA;NA;"Extant (resident)";NA;"ANIMALIA";"CHORDATA";"REPTILIA";"SQUAMATA";"CHAMAELEONIDAE";"Furcifer";"LC";"False";"True";"False";62.7911579208;50.9133673028
172866;"Furcifer oustaleti";1;1;1;"Madagasikara Voakajy";2012;"Madagasikara Voakajy";NA;NA;NA;NA;NA;"Extant (resident)";NA;"ANIMALIA";"CHORDATA";"REPTILIA";"SQUAMATA";"CHAMAELEONIDAE";"Furcifer";"LC";"False";"True";"False";62.7911578998;50.9133673028
67009871;"Brookesia minima";1;1;1;"Madagasikara Voakajy";2012;"Madagasikara Voakajy";NA;NA;NA;NA;NA;"Extant (resident)";NA;"ANIMALIA";"CHORDATA";"REPTILIA";"SQUAMATA";"CHAMAELEONIDAE";"Brookesia";"EN";"False";"True";"False";8.24638614602;0.601361324125
67009871;"Brookesia minima";1;1;1;"Madagasikara Voakajy";2010;"Madagasikara Voakajy";NA;NA;NA;NA;NA;"Extant (resident)";NA;"ANIMALIA";"CHORDATA";"REPTILIA";"SQUAMATA";"CHAMAELEONIDAE";"Brookesia";"EN";"False";"True";"False";8.24638614953;0.601361324175
172531;"Trioceros jacksonii";1;1;1;"Krystal Tolley";2014;"IUCN";NA;NA;NA;NA;NA;"Extant (resident)";NA;"ANIMALIA";"CHORDATA";"REPTILIA";"SQUAMATA";"CHAMAELEONIDAE";"Trioceros";"LC";"False";"True";"False";8.29448519851;2.43676514473
172796;"Calumma hafahafa";1;1;1;"Madagasikara Voakajy";2012;"Madagasikara Voakajy";NA;NA;NA;NA;NA;"Extant (resident)";NA;"ANIMALIA";"CHORDATA";"REPTILIA";"SQUAMATA";"CHAMAELEONIDAE";"Calumma";"CR";"False";"True";"False";0.112137689722;0.000402785416909
172796;"Calumma hafahafa";1;1;1;"Madagasikara Voakajy";2010;"Madagasikara Voakajy";NA;NA;NA;NA;NA;"Extant (resident)";NA;"ANIMALIA";"CHORDATA";"REPTILIA";"SQUAMATA";"CHAMAELEONIDAE";"Calumma";"CR";"False";"True";"False";0.11213769108;0.000402785428818
176298;"Brookesia therezieni";1;1;1;"Madagasikara Voakajy";2010;"Madagasikara Voakajy";NA;NA;NA;NA;NA;"Extant (resident)";NA;"ANIMALIA";"CHORDATA";"REPTILIA";"SQUAMATA";"CHAMAELEONIDAE";"Brookesia";"LC";"False";"True";"False";11.8529121584;2.58052107485
176298;"Brookesia therezieni";1;1;1;"Madagasikara Voakajy";2012;"Madagasikara Voakajy";NA;NA;NA;NA;NA;"Extant (resident)";NA;"ANIMALIA";"CHORDATA";"REPTILIA";"SQUAMATA";"CHAMAELEONIDAE";"Brookesia";"LC";"False";"True";"False";11.8529121535;2.58052107432
172795;"Brookesia peyrierasi";1;1;1;"Madagasikara Voakajy";2012;"Madagasikara Voakajy";NA;NA;NA;NA;NA;"Extant (resident)";NA;"ANIMALIA";"CHORDATA";"REPTILIA";"SQUAMATA";"CHAMAELEONIDAE";"Brookesia";"EN";"False";"True";"False";2.84627422557;0.317942897496
172795;"Brookesia peyrierasi";1;1;1;"Madagasikara Voakajy";2010;"Madagasikara Voakajy";NA;NA;NA;NA;NA;"Extant (resident)";NA;"ANIMALIA";"CHORDATA";"REPTILIA";"SQUAMATA";"CHAMAELEONIDAE";"Brookesia";"EN";"False";"True";"False";2.8462742232;0.317942897486
172657;"Chamaeleo zeylanicus";1;1;1;"Snake and Lizard RLA";2014;"International Union for Conservation of Nature (IUCN), Western Ghats Reptiles CAMP";NA;NA;NA;NA;NA;"Extant (resident)";NA;"ANIMALIA";"CHORDATA";"REPTILIA";"SQUAMATA";"CHAMAELEONIDAE";"Chamaeleo";"LC";"False";"True";"False";6.48578268351;0.236579304409
172657;"Chamaeleo zeylanicus";1;1;1;"C. Srinivasulu & B. Srinivasulu";2011;"International Union for Conservation of Nature (IUCN), Western Ghats Reptiles CAMP";NA;NA;NA;NA;NA;"Extant (resident)";NA;"ANIMALIA";"CHORDATA";"REPTILIA";"SQUAMATA";"CHAMAELEONIDAE";"Chamaeleo";"LC";"False";"True";"False";92.5669795455;172.291212174
172565;"Kinyongia fischeri";1;1;1;"Krystal Tolley";2014;"IUCN";NA;NA;NA;NA;NA;"Extant (resident)";NA;"ANIMALIA";"CHORDATA";"REPTILIA";"SQUAMATA";"CHAMAELEONIDAE";"Kinyongia";"NT";"False";"True";"False";2.26311093807;0.020139479839
172748;"Brookesia karchei";1;1;1;"Madagasikara Voakajy";2012;"Madagasikara Voakajy";NA;NA;NA;NA;NA;"Extant (resident)";NA;"ANIMALIA";"CHORDATA";"REPTILIA";"SQUAMATA";"CHAMAELEONIDAE";"Brookesia";"EN";"False";"True";"False";1.39581303108;0.0500966766557
172748;"Brookesia karchei";1;1;1;"Madagasikara Voakajy";2010;"Madagasikara Voakajy";NA;NA;NA;NA;NA;"Extant (resident)";NA;"ANIMALIA";"CHORDATA";"REPTILIA";"SQUAMATA";"CHAMAELEONIDAE";"Brookesia";"EN";"False";"True";"False";1.39581302324;0.0500966767042
172925;"Calumma hilleniusi";1;1;1;"Madagasikara Voakajy";2010;"Madagasikara Voakajy";NA;NA;NA;NA;NA;"Extant (resident)";NA;"ANIMALIA";"CHORDATA";"REPTILIA";"SQUAMATA";"CHAMAELEONIDAE";"Calumma";"EN";"False";"True";"False";2.13951068161;0.0713735682758
172925;"Calumma hilleniusi";1;1;1;"Madagasikara Voakajy";2012;"Madagasikara Voakajy";NA;NA;NA;NA;NA;"Extant (resident)";NA;"ANIMALIA";"CHORDATA";"REPTILIA";"SQUAMATA";"CHAMAELEONIDAE";"Calumma";"EN";"False";"True";"False";2.13951068908;0.0713735681317
172844;"Brookesia ebenaui";1;1;1;"Madagasikara Voakajy";2012;"Madagasikara Voakajy";NA;NA;NA;NA;NA;"Extant (resident)";NA;"ANIMALIA";"CHORDATA";"REPTILIA";"SQUAMATA";"CHAMAELEONIDAE";"Brookesia";"VU";"False";"True";"False";5.50943305411;1.19517536539
172861;"Calumma nasutum";1;1;1;"Madagasikara Voakajy";2010;"Madagasikara Voakajy";NA;NA;NA;NA;NA;"Extant (resident)";NA;"ANIMALIA";"CHORDATA";"REPTILIA";"SQUAMATA";"CHAMAELEONIDAE";"Calumma";"LC";"False";"True";"False";39.4355189528;17.2092639888
176305;"Calumma peyrierasi";1;1;1;"Madagasikara Voakajy";2012;"Madagasikara Voakajy";NA;NA;NA;NA;NA;"Extant (resident)";NA;"ANIMALIA";"CHORDATA";"REPTILIA";"SQUAMATA";"CHAMAELEONIDAE";"Calumma";"VU";"False";"True";"False";1.39581303108;0.0500966766557
172930;"Brookesia ambreensis";1;1;1;"Madagasikara Voakajy";2012;"Madagasikara Voakajy";NA;NA;NA;NA;NA;"Extant (resident)";NA;"ANIMALIA";"CHORDATA";"REPTILIA";"SQUAMATA";"CHAMAELEONIDAE";"Brookesia";"NT";"False";"True";"False";1.17594651868;0.0320738624776
172930;"Brookesia ambreensis";1;1;1;"Madagasikara Voakajy";2010;"Madagasikara Voakajy";NA;NA;NA;NA;NA;"Extant (resident)";NA;"ANIMALIA";"CHORDATA";"REPTILIA";"SQUAMATA";"CHAMAELEONIDAE";"Brookesia";"NT";"False";"True";"False";1.17594652079;0.0320738625621
172529;"Rhampholeon temporalis";1;1;1;"Krystal Tolley";2014;"IUCN";NA;NA;NA;NA;NA;"Extant (resident)";NA;"ANIMALIA";"CHORDATA";"REPTILIA";"SQUAMATA";"CHAMAELEONIDAE";"Rhampholeon";"EN";"False";"True";"False";1.34734610036;0.0482315793921
193482;"Calumma tarzan";1;1;1;"Madagasikara Voakajy";2012;"Madagasikara Voakajy";NA;NA;NA;NA;NA;"Extant (resident)";NA;"ANIMALIA";"CHORDATA";"REPTILIA";"SQUAMATA";"CHAMAELEONIDAE";"Calumma";"CR";"False";"True";"False";0.476506189609;0.00080179808492
172572;"Trioceros pfefferi";1;1;1;"IUCN";2015;"International Union for the Conservation of Nature";NA;NA;NA;NA;NA;"Extant (resident)";NA;"ANIMALIA";"CHORDATA";"REPTILIA";"SQUAMATA";"CHAMAELEONIDAE";"Trioceros";"EN";"False";"True";"False";6.12655231219;0.426121835637
172950;"Furcifer petteri";1;1;1;"Madagasikara Voakajy";2012;"Madagasikara Voakajy";NA;NA;NA;NA;NA;"Extant (resident)";NA;"ANIMALIA";"CHORDATA";"REPTILIA";"SQUAMATA";"CHAMAELEONIDAE";"Furcifer";"VU";"False";"True";"False";9.87653409727;0.916856130628
176306;"Chamaeleo calyptratus";1;1;1;"Phil Bowles";2012;"IUCN, CI";NA;NA;NA;NA;NA;"Extant (resident)";NA;"ANIMALIA";"CHORDATA";"REPTILIA";"SQUAMATA";"CHAMAELEONIDAE";"Chamaeleo";"LC";"False";"True";"False";18.0013755019;7.79858859207
176307;"Trioceros chapini";1;1;1;"SRLI";2011;"Red List Index (Sampled Approach), Zoological Society of London";NA;NA;NA;NA;NA;"Extant (resident)";NA;"ANIMALIA";"CHORDATA";"REPTILIA";"SQUAMATA";"CHAMAELEONIDAE";"Trioceros";"LC";"False";"True";"False";28.0196634511;45.5266652875
172836;"Calumma cucullatum";1;1;1;"Madagasikara Voakajy";2012;"Madagasikara Voakajy";NA;NA;NA;NA;NA;"Extant (resident)";NA;"ANIMALIA";"CHORDATA";"REPTILIA";"SQUAMATA";"CHAMAELEONIDAE";"Calumma";"VU";"False";"True";"False";11.4442164547;1.47524975741
172836;"Calumma cucullatum";1;1;1;"Madagasikara Voakajy";2010;"Madagasikara Voakajy";NA;NA;NA;NA;NA;"Extant (resident)";NA;"ANIMALIA";"CHORDATA";"REPTILIA";"SQUAMATA";"CHAMAELEONIDAE";"Calumma";"VU";"False";"True";"False";11.4442164561;1.4752497573
172574;"Kinyongia multituberculata";1;1;1;"Krystal Tolley";2014;"IUCN";NA;NA;NA;NA;NA;"Extant (resident)";NA;"ANIMALIA";"CHORDATA";"REPTILIA";"SQUAMATA";"CHAMAELEONIDAE";"Kinyongia";"EN";"False";"True";"False";3.15942554467;0.0286208936804
172928;"Calumma vatosoa";1;1;1;"Madagasikara Voakajy";2012;"Madagasikara Voakajy";NA;NA;NA;NA;NA;"Extant (resident)";NA;"ANIMALIA";"CHORDATA";"REPTILIA";"SQUAMATA";"CHAMAELEONIDAE";"Calumma";"DD";"False";"True";"False";0.694280873782;0.0357041391604
172928;"Calumma vatosoa";1;1;1;"Madagasikara Voakajy";2011;"Madagasikara Voakajy";NA;NA;NA;NA;NA;"Extant (resident)";NA;"ANIMALIA";"CHORDATA";"REPTILIA";"SQUAMATA";"CHAMAELEONIDAE";"Calumma";"DD";"False";"True";"False";0.694280875272;0.0357041393445
176815;"Trioceros ituriensis";1;1;1;"Krystal Tolley";2014;"IUCN";NA;NA;NA;NA;NA;"Extant (resident)";NA;"ANIMALIA";"CHORDATA";"REPTILIA";"SQUAMATA";"CHAMAELEONIDAE";"Trioceros";"LC";"False";"True";"False";19.8481530132;26.3473043667
8766;"Furcifer minor";1;1;1;"Madagasikara Voakajy";2010;"Madagasikara Voakajy";NA;NA;NA;NA;NA;"Extant (resident)";NA;"ANIMALIA";"CHORDATA";"REPTILIA";"SQUAMATA";"CHAMAELEONIDAE";"Furcifer";"EN";"False";"True";"False";4.43056868835;0.316429628178
8766;"Furcifer minor";1;1;1;"Madagasikara Voakajy";2012;"Madagasikara Voakajy";NA;NA;NA;NA;NA;"Extant (resident)";NA;"ANIMALIA";"CHORDATA";"REPTILIA";"SQUAMATA";"CHAMAELEONIDAE";"Furcifer";"EN";"False";"True";"False";4.4305686812;0.31642962818
61364057;"Rhampholeon maspictus";1;1;1;"Krystal Tolley";2014;"IUCN";NA;NA;NA;NA;NA;"Extant (resident)";NA;"ANIMALIA";"CHORDATA";"REPTILIA";"SQUAMATA";"CHAMAELEONIDAE";"Rhampholeon";"NT";"False";"True";"False";0.528889367406;0.00556683671795
172554;"Kinyongia carpenteri";1;1;1;"Krystal Tolley";2014;"IUCN";NA;NA;NA;NA;NA;"Extant (resident)";NA;"ANIMALIA";"CHORDATA";"REPTILIA";"SQUAMATA";"CHAMAELEONIDAE";"Kinyongia";"NT";"False";"True";"False";2.86773971255;0.0867319565106
172563;"Kinyongia uthmoelleri";1;1;1;"Krystal Tolley";2014;"IUCN";NA;NA;NA;NA;NA;"Extant (resident)";NA;"ANIMALIA";"CHORDATA";"REPTILIA";"SQUAMATA";"CHAMAELEONIDAE";"Kinyongia";"LC";"False";"True";"False";4.09125702495;0.303090496654
172532;"Rhampholeon platyceps";1;1;1;"Krystal Tolley";2014;"IUCN";NA;NA;NA;NA;NA;"Extant (resident)";NA;"ANIMALIA";"CHORDATA";"REPTILIA";"SQUAMATA";"CHAMAELEONIDAE";"Rhampholeon";"EN";"False";"True";"False";1.94286563743;0.00536356797981
172773;"Palleon nasus";1;1;1;"Madagasikara Voakajy";2012;"Madagasikara Voakajy";NA;NA;NA;NA;NA;"Extant (resident)";NA;"ANIMALIA";"CHORDATA";"REPTILIA";"SQUAMATA";"CHAMAELEONIDAE";"Palleon";"VU";"False";"True";"False";13.0171769663;1.39208770624
172773;"Palleon nasus";1;1;1;"Madagasikara Voakajy";2010;"Madagasikara Voakajy";NA;NA;NA;NA;NA;"Extant (resident)";NA;"ANIMALIA";"CHORDATA";"REPTILIA";"SQUAMATA";"CHAMAELEONIDAE";"Palleon";"VU";"False";"True";"False";13.0171769628;1.39208770612
172955;"Furcifer pardalis";1;1;1;"Madagasikara Voakajy";2010;"International Union for Conservation of Nature (IUCN), Conservation International, Madagasikara Voakajy";NA;NA;NA;NA;NA;"Extant (resident)";NA;"ANIMALIA";"CHORDATA";"REPTILIA";"SQUAMATA";"CHAMAELEONIDAE";"Furcifer";"LC";"False";"True";"False";35.4203646037;3.71931247132
172980;"Calumma tsycorne";1;1;1;"Madagasikara Voakajy";2010;"Madagasikara Voakajy";NA;NA;NA;NA;NA;"Extant (resident)";NA;"ANIMALIA";"CHORDATA";"REPTILIA";"SQUAMATA";"CHAMAELEONIDAE";"Calumma";"VU";"False";"True";"False";3.36405800446;0.0917775701941
172538;"Kinyongia magomberae";1;1;1;"Krystal Tolley";2014;"IUCN";NA;NA;NA;NA;NA;"Extant (resident)";NA;"ANIMALIA";"CHORDATA";"REPTILIA";"SQUAMATA";"CHAMAELEONIDAE";"Kinyongia";"EN";"False";"True";"False";0.766566762213;0.0075791139411
172885;"Brookesia decaryi";1;1;1;"Madagasikara Voakajy";2010;"Madagasikara Voakajy";NA;NA;NA;NA;NA;"Extant (resident)";NA;"ANIMALIA";"CHORDATA";"REPTILIA";"SQUAMATA";"CHAMAELEONIDAE";"Brookesia";"EN";"False";"True";"False";2.5244576251;0.114181185589
172885;"Brookesia decaryi";1;1;1;"Madagasikara Voakajy";2012;"Madagasikara Voakajy";NA;NA;NA;NA;NA;"Extant (resident)";NA;"ANIMALIA";"CHORDATA";"REPTILIA";"SQUAMATA";"CHAMAELEONIDAE";"Brookesia";"EN";"False";"True";"False";2.5244576205;0.114181185579
172781;"Palleon lolontany";1;1;1;"Madagasikara Voakajy";2010;"Madagasikara Voakajy";NA;NA;NA;NA;NA;"Extant (resident)";NA;"ANIMALIA";"CHORDATA";"REPTILIA";"SQUAMATA";"CHAMAELEONIDAE";"Palleon";"NT";"False";"True";"False";1.54701085853;0.0391343880139
176302;"Calumma fallax";1;1;1;"Madagasikara Voakajy";2012;"Madagasikara Voakajy";NA;NA;NA;NA;NA;"Extant (resident)";NA;"ANIMALIA";"CHORDATA";"REPTILIA";"SQUAMATA";"CHAMAELEONIDAE";"Calumma";"DD";"False";"True";"False";2.78197648139;0.180001830133
172522;"Trioceros schoutedeni";1;1;1;"Krystal Tolley";2014;"IUCN";NA;NA;NA;NA;NA;"Extant (resident)";NA;"ANIMALIA";"CHORDATA";"REPTILIA";"SQUAMATA";"CHAMAELEONIDAE";"Trioceros";"DD";"False";"True";"False";7.31808636701;1.11919512334
203827;"Trioceros nyirit";1;1;1;"Krystal Tolley";2014;"IUCN";NA;NA;NA;NA;NA;"Extant (resident)";NA;"ANIMALIA";"CHORDATA";"REPTILIA";"SQUAMATA";"CHAMAELEONIDAE";"Trioceros";"LC";"False";"True";"False";1.46502935439;0.0536377807958
172543;"Chamaeleo necasi";1;1;1;"Phil Bowles";2012;"IUCN, CI";NA;NA;NA;NA;NA;"Extant (resident)";NA;"ANIMALIA";"CHORDATA";"REPTILIA";"SQUAMATA";"CHAMAELEONIDAE";"Chamaeleo";"DD";"False";"True";"False";2.3622917184;0.186861478915
172530;"Nadzikambia mlanjensis";1;1;1;"Krystal Tolley";2014;"IUCN";NA;NA;NA;NA;NA;"Extant (resident)";NA;"ANIMALIA";"CHORDATA";"REPTILIA";"SQUAMATA";"CHAMAELEONIDAE";"Nadzikambia";"EN";"False";"True";"False";1.94286563743;0.00536356797981
172542;"Chamaeleo laevigatus";1;1;1;"Krystal Tolley";2014;"IUCN";NA;NA;NA;NA;NA;"Extant (resident)";NA;"ANIMALIA";"CHORDATA";"REPTILIA";"SQUAMATA";"CHAMAELEONIDAE";"Chamaeleo";"LC";"False";"True";"False";81.0854205988;407.950848943
